"CodeDpt","Dpt","CodeCirco","Inscrits","Abstentions","Blancs","Arthaud","Asselineau","Cheminade","DupontAignan","Fillon","Hamon","Lasalle","LePen","Macron","Melenchon","Poutou"
"1","Ain",1,82652,15998,1358,401,622,119,4106,13460,3712,732,16500,14403,10221,614
"1","Ain",2,93332,16742,1397,382,788,129,4507,15714,3625,598,19319,17395,11711,588
"1","Ain",3,75427,16689,964,272,812,106,2979,13888,3238,614,10700,14550,9695,592
"1","Ain",4,89262,16003,1469,414,570,136,4818,15749,3321,699,19428,15692,9739,637
"1","Ain",5,75213,16075,1154,373,820,105,3378,10994,2815,822,15508,11652,10370,667
"2","Aisne",1,72292,14556,943,608,421,97,2859,8761,2583,466,20175,10470,9282,627
"2","Aisne",2,73948,16219,1024,481,343,92,2773,9824,2398,399,18356,10920,10080,614
"2","Aisne",3,68126,14338,1004,543,354,99,2625,8651,2108,443,20901,7977,7987,593
"2","Aisne",4,79155,18629,980,532,503,109,2891,8990,2508,431,20974,10746,10755,630
"2","Aisne",5,82231,16441,1096,599,550,139,3503,10743,2633,525,22364,11567,10846,692
"3","Allier",1,89715,18171,1496,594,473,134,3525,12923,3949,904,15318,16276,14043,835
"3","Allier",2,84644,19560,1481,544,491,114,3037,10891,3588,998,13669,14692,14077,795
"3","Allier",3,79149,16544,1358,402,458,105,3233,12643,3082,1084,14017,14683,10191,692
"4","Alpes-de-Haute-Provence",1,61220,11285,907,279,457,106,2388,8346,2438,899,12815,9565,10737,615
"4","Alpes-de-Haute-Provence",2,65358,13038,901,242,475,99,2473,10096,2545,822,11648,10395,11711,563
"5","Hautes-Alpes",1,57744,10991,791,234,465,66,2550,8255,2710,767,10302,10204,9528,533
"5","Hautes-Alpes",2,52163,9830,750,177,318,99,2388,8390,2399,842,8172,8744,9268,516
"6","Alpes-Maritimes",1,80459,19445,793,188,636,74,1952,16070,2701,491,14144,12581,10658,347
"6","Alpes-Maritimes",2,85688,17045,1171,251,693,155,3238,15531,2549,795,19996,12398,10998,511
"6","Alpes-Maritimes",3,89098,20671,948,218,731,97,2588,16533,2772,572,18031,13254,11895,412
"6","Alpes-Maritimes",4,85748,18421,1016,237,711,104,2939,16561,1997,730,21772,10584,9820,475
"6","Alpes-Maritimes",5,87923,18446,971,184,688,82,2908,16905,2353,699,20800,12499,10591,381
"6","Alpes-Maritimes",6,78084,15109,1121,138,616,100,2988,17858,1862,479,18287,11529,7510,324
"6","Alpes-Maritimes",7,92847,17757,1168,183,775,131,3282,22855,2913,617,16532,16064,9857,445
"6","Alpes-Maritimes",8,82014,18507,923,161,614,106,2400,20641,1774,403,16682,11025,8183,338
"6","Alpes-Maritimes",9,79900,16502,978,169,603,90,2880,18082,2146,476,16897,12019,8429,389
"7","Ardèche",1,77905,15079,1239,405,705,112,2876,9196,3803,1134,15434,12951,13663,795
"7","Ardèche",2,93041,16515,1504,507,664,127,4507,13815,4259,1136,16746,16807,13388,894
"7","Ardèche",3,78312,15024,1153,391,600,132,2543,10824,3695,1276,13125,12562,15571,913
"8","Ardennes",1,73335,15563,904,495,447,108,3235,10532,2647,520,18228,10616,9044,606
"8","Ardennes",2,63879,16049,847,421,344,95,2191,6586,2599,400,15078,8439,9969,565
"8","Ardennes",3,57165,12464,802,462,289,64,2384,8155,1988,486,14272,7857,7159,522
"9","Ariège",1,56738,10536,806,277,380,63,1515,5245,3784,1568,9112,9770,12546,618
"9","Ariège",2,60671,10856,921,279,419,77,1854,6647,3542,1736,11135,9753,12424,562
"10","Aube",1,64362,11685,896,396,399,105,3569,12238,1814,386,17094,8811,6153,470
"10","Aube",2,73837,13864,982,394,436,94,3687,13802,2391,406,17321,11739,7867,475
"10","Aube",3,65648,13402,867,317,482,90,2979,11082,2340,367,14431,10015,8476,442
"11","Aude",1,95107,17675,1365,441,516,117,2851,10702,4965,1509,21872,15336,16172,913
"11","Aude",2,88881,19251,1197,370,590,108,2617,10779,3793,1149,20242,13088,14396,736
"11","Aude",3,88707,15627,1305,384,677,123,2797,10800,4856,1984,18471,14591,15558,858
"12","Aveyron",1,76555,12221,1205,344,432,120,3182,15100,3721,2137,9304,16796,10735,702
"12","Aveyron",2,69922,12306,1194,381,464,89,2574,10010,3658,1930,8827,14835,12306,726
"12","Aveyron",3,71799,11851,1231,381,408,104,2798,11554,3499,2394,10457,13953,11648,894
"13","Bouches-du-Rhône",1,78383,17473,891,186,516,81,2344,12708,2377,486,17682,11297,11609,390
"13","Bouches-du-Rhône",2,78743,15686,706,144,499,87,1860,20146,2990,488,10973,14701,9930,337
"13","Bouches-du-Rhône",3,73470,19484,734,172,607,79,1725,8450,2208,390,16415,9655,12898,341
"13","Bouches-du-Rhône",4,59654,18050,548,194,510,79,672,4428,3544,270,5867,8908,15969,410
"13","Bouches-du-Rhône",5,69043,15851,684,195,465,85,1561,10556,3637,455,10235,11530,13093,414
"13","Bouches-du-Rhône",6,75634,17970,790,190,443,78,2027,13027,2525,415,14597,11664,11256,361
"13","Bouches-du-Rhône",7,65369,22877,604,248,539,93,837,3201,2136,230,10864,7068,16092,344
"13","Bouches-du-Rhône",8,99985,19857,1349,340,779,139,3942,15434,3188,868,23403,14961,14574,640
"13","Bouches-du-Rhône",9,96939,19455,1266,275,662,127,3136,16757,2852,772,21236,13565,15822,568
"13","Bouches-du-Rhône",10,106026,18750,1432,304,654,134,3768,16495,3349,876,26436,16373,16397,592
"13","Bouches-du-Rhône",11,90215,18929,1051,206,546,111,2718,17033,3087,626,16081,15900,13139,467
"13","Bouches-du-Rhône",12,92147,19386,1402,280,598,109,3141,11787,2404,682,26497,11439,13587,527
"13","Bouches-du-Rhône",13,93715,19841,1280,451,712,115,2873,8443,2709,742,23130,10618,21520,699
"13","Bouches-du-Rhône",14,97727,18958,1166,227,696,137,2874,18920,4194,698,14655,19111,15129,551
"13","Bouches-du-Rhône",15,104767,18589,1463,375,641,160,4140,18809,3205,1136,25597,15092,14304,681
"13","Bouches-du-Rhône",16,90577,18990,1212,327,551,126,2829,11272,3159,906,22729,11430,15875,684
"14","Calvados",1,70096,12076,840,346,362,82,2178,11483,5342,317,7161,16648,12282,668
"14","Calvados",2,67569,13218,821,436,373,91,2138,7604,4765,341,9189,14119,13307,758
"14","Calvados",3,78941,15295,1060,600,479,102,3494,12254,3432,519,16535,12706,11097,897
"14","Calvados",4,101077,18818,1095,547,573,136,3897,20937,4203,607,16753,18909,13157,925
"14","Calvados",5,89928,15475,1148,467,464,123,3840,16024,4695,546,15021,18731,12024,848
"14","Calvados",6,93542,15431,1328,703,579,157,4532,14038,4856,581,17111,18607,13753,1173
"15","Cantal",1,63016,11814,1152,350,311,92,2131,10664,2874,1318,8538,14285,8301,600
"15","Cantal",2,54409,10953,961,342,216,106,1916,10925,1936,1522,8103,10192,6265,579
"16","Charente",1,84955,19885,1077,425,569,131,2643,10215,4898,828,11384,17427,14148,757
"16","Charente",2,84019,17387,1181,526,473,156,3512,12442,3603,1029,14850,15514,11820,858
"16","Charente",3,90980,17708,1478,700,498,163,3853,11087,4068,1228,16364,16948,14787,1109
"17","Charente-Maritime",1,103263,22091,1189,378,624,134,2947,17634,5954,843,10383,23118,16783,788
"17","Charente-Maritime",2,104381,20621,1571,561,617,137,4435,14521,5052,1144,16380,20358,17221,1166
"17","Charente-Maritime",3,82245,17117,1203,534,541,132,3573,11597,3795,882,14157,14350,12631,881
"17","Charente-Maritime",4,89933,17880,1299,538,567,133,4198,14787,3243,1189,18011,14995,11514,964
"17","Charente-Maritime",5,111547,21642,1586,565,671,156,5180,20120,3979,1218,21833,18534,14342,1077
"18","Cher",1,72589,16066,1270,467,475,113,2934,12130,3013,594,11979,12660,9846,676
"18","Cher",2,70174,16518,1192,540,446,87,2637,8570,2695,510,12701,11445,11765,637
"18","Cher",3,86220,18326,1548,623,558,145,3983,12267,3449,821,17073,13971,12083,793
"19","Corrèze",1,92693,16268,1794,553,520,184,3532,11967,4793,2386,12448,19440,16491,1299
"19","Corrèze",2,92584,18031,1635,498,574,145,3517,13460,4470,1867,12805,19778,13866,1020
"2A","Corse-du-Sud",1,50859,15715,573,89,226,51,998,8114,1339,2006,9724,6601,4716,309
"2A","Corse-du-Sud",2,57922,18043,635,129,259,66,1220,10600,1207,1942,11134,6421,5369,348
"2B","Haute-Corse",1,58797,18449,746,132,235,74,1083,9845,1577,1916,11172,7111,5734,336
"2B","Haute-Corse",2,66078,22458,920,145,245,62,1161,10894,1657,2847,11011,8395,5495,381
"21","Côte-d'Or",1,68424,12339,814,258,499,84,2286,14018,3871,403,7687,15517,9992,422
"21","Côte-d'Or",2,68731,13358,1005,297,450,94,2754,10810,3428,440,11841,13249,10165,529
"21","Côte-d'Or",3,70372,13978,1004,329,505,102,2934,9150,3650,413,12789,13312,11346,496
"21","Côte-d'Or",4,68751,12892,1063,481,457,106,3199,11400,2731,654,14390,11011,9278,695
"21","Côte-d'Or",5,84380,16113,1232,430,546,123,3807,15247,3130,725,17493,14347,10078,676
"22","Côtes-d'Armor",1,89797,15385,1274,499,476,124,2768,12132,6771,536,10397,22472,15489,981
"22","Côtes-d'Armor",2,96816,14073,1361,629,551,139,3603,17420,6179,720,13994,21777,14729,1028
"22","Côtes-d'Armor",3,86758,12449,1327,621,472,120,3694,13897,5113,656,13764,20080,12844,1041
"22","Côtes-d'Armor",4,78646,12523,1149,677,400,114,2633,9113,5957,764,11226,16855,15373,1270
"22","Côtes-d'Armor",5,103941,17187,1325,602,580,124,3260,16354,8240,878,12322,23785,17578,1148
"23","Creuse",1,93113,19917,1950,684,580,174,3521,12637,5494,1352,13966,15807,14827,1209
"24","Dordogne",1,76207,14972,1156,364,503,105,2593,9410,3997,1204,11980,13597,14868,830
"24","Dordogne",2,82465,16159,1128,385,547,131,3003,11345,3610,1730,15374,14184,13364,880
"24","Dordogne",3,67497,11357,1334,430,401,116,2623,9653,3293,1315,11660,11625,12127,847
"24","Dordogne",4,87851,15032,1429,447,677,138,3205,12102,4883,1801,13030,16539,16773,1021
"25","Doubs",1,75233,15946,1046,370,560,92,2618,10767,4182,427,11514,14415,12293,629
"25","Doubs",2,78335,15331,1180,379,592,143,2679,12953,4255,503,11213,15473,12551,696
"25","Doubs",3,65897,14282,1186,413,561,77,2665,10344,2439,467,14136,10096,8123,684
"25","Doubs",4,66908,15691,1045,508,650,85,2557,7912,2745,429,15651,9669,8881,624
"25","Doubs",5,82028,14949,1350,381,766,133,4214,17953,2697,706,14121,14301,8955,932
"26","Drôme",1,75247,16464,1034,331,635,84,2692,11526,3942,553,11222,13978,11716,605
"26","Drôme",2,93273,19861,1365,416,729,132,3912,12826,3522,915,20262,14825,13238,724
"26","Drôme",3,106778,18604,1629,541,871,164,4171,15557,5671,1520,18229,18563,19594,1104
"26","Drôme",4,94191,18281,1442,908,753,153,4222,13494,4250,880,19283,15798,13489,741
"27","Eure",1,86358,17483,1140,536,605,113,3882,13514,3232,536,19642,13361,11098,707
"27","Eure",2,78432,14204,1162,524,481,125,3442,12004,3202,454,18045,12856,10721,758
"27","Eure",3,84440,15101,1210,550,520,120,4039,13552,3056,553,20409,12812,11165,823
"27","Eure",4,89885,18013,1325,498,648,111,4054,11315,3931,488,19771,14352,13989,872
"27","Eure",5,88418,17414,1187,525,673,133,3679,13051,3578,571,20852,13605,11871,773
"28","Eure-et-Loir",1,89168,16917,1343,442,750,126,4112,15916,4184,587,14190,17714,11776,695
"28","Eure-et-Loir",2,74281,17170,1027,400,633,107,3098,11122,3114,408,14728,11048,10457,565
"28","Eure-et-Loir",3,70797,14275,1085,465,437,112,3391,11909,2817,465,14345,11946,8486,651
"28","Eure-et-Loir",4,67220,12112,1078,510,433,109,3502,12328,2202,482,15623,10330,7316,748
"29","Finistère",1,88759,14258,1072,437,493,103,2917,13519,7850,681,8759,23862,13285,1026
"29","Finistère",2,78509,17472,1251,279,424,85,2058,9703,8027,408,7504,17565,13015,681
"29","Finistère",3,89479,15053,1398,459,529,99,3373,13184,8275,750,10549,21014,13609,901
"29","Finistère",4,82219,13752,1056,463,382,127,2449,12675,7320,749,8422,19452,13985,970
"29","Finistère",5,94400,14619,1238,463,408,123,3491,15141,8477,771,10734,23568,13909,991
"29","Finistère",6,89304,15180,1127,533,509,108,3094,12645,7622,1039,10802,20195,14586,1365
"29","Finistère",7,80529,14211,1088,486,404,101,2600,11489,6353,878,8979,19237,13167,1022
"29","Finistère",8,87372,16091,1222,518,548,111,2755,11609,6857,916,11617,19202,14051,1294
"30","Gard",1,86922,20234,1085,288,725,96,2569,11849,3074,696,18755,12432,14155,535
"30","Gard",2,89059,16075,1186,293,614,110,3243,12836,2898,918,23899,12445,13425,582
"30","Gard",3,93671,17339,1233,387,782,126,3528,14034,3602,1070,21892,14669,13836,688
"30","Gard",4,91115,17437,1232,410,672,116,3110,10895,3305,1146,22123,12969,16404,744
"30","Gard",5,95968,18460,1329,443,726,122,2815,10887,4150,1363,20056,14041,20072,947
"30","Gard",6,81204,17732,967,271,577,103,2543,11865,3444,753,16548,12450,13013,548
"31","Haute-Garonne",1,83659,18868,827,234,564,108,1944,10411,6148,963,7106,18400,17061,628
"31","Haute-Garonne",2,101370,20720,1112,327,682,130,2960,13578,6711,1225,11212,21746,19703,738
"31","Haute-Garonne",3,79396,15010,876,207,471,102,1913,15871,5333,861,6378,18467,13189,471
"31","Haute-Garonne",4,71190,19016,699,187,474,90,1224,8590,5611,597,4689,13685,15570,514
"31","Haute-Garonne",5,98451,15381,1509,407,686,156,4115,12536,5299,1600,18274,19367,17652,846
"31","Haute-Garonne",6,111612,17829,1384,411,754,162,3932,13630,7298,1562,15952,26580,20529,842
"31","Haute-Garonne",7,99799,16975,1480,441,626,149,3627,11506,6089,1738,18858,18567,18256,850
"31","Haute-Garonne",8,85552,16898,1248,371,526,125,2706,9727,5025,3186,15719,14213,14321,793
"31","Haute-Garonne",9,80368,18044,925,281,563,123,2036,8620,5918,984,9246,15729,16819,674
"31","Haute-Garonne",10,95256,12044,1350,300,609,146,3376,14139,6748,1729,12791,23374,17346,760
"32","Gers",1,73499,11651,1125,344,537,92,2606,10108,5103,2631,11204,14525,12388,639
"32","Gers",2,71460,11376,1041,333,500,96,2772,11204,4424,2428,12183,13250,10701,615
"33","Gironde",1,95058,20152,970,233,666,115,2115,18270,5888,985,7117,23142,14176,886
"33","Gironde",2,65979,14591,606,116,404,65,1030,10619,5664,564,3035,16118,12344,610
"33","Gironde",3,81017,18610,921,244,568,122,1922,7349,6549,1026,6935,17346,18119,958
"33","Gironde",4,93636,22485,1148,395,718,136,2958,8480,5774,1172,13794,17129,17716,1252
"33","Gironde",5,110593,20966,1502,467,642,126,4239,13132,5383,1761,21123,20493,18330,1799
"33","Gironde",6,103656,19376,1267,324,686,139,3591,13455,6930,1266,11566,25626,17740,1188
"33","Gironde",7,77005,14797,1023,227,489,106,2436,9460,5664,1044,7160,19183,14216,835
"33","Gironde",8,109207,21002,1394,351,673,174,4103,21225,4424,1887,16288,21292,14730,1127
"33","Gironde",9,93615,15841,1446,468,631,155,3498,11300,5461,2018,15675,18122,17212,1193
"33","Gironde",10,80812,15731,1089,294,460,127,2858,11309,3858,1423,16011,14164,12023,985
"33","Gironde",11,92975,18817,1370,502,555,140,3806,9570,4074,1497,22219,14009,14479,1331
"33","Gironde",12,83429,14234,1200,359,521,122,2974,11114,4631,1817,14396,15663,14803,1069
"34","Hérault",1,84607,17685,1067,215,727,94,2316,12502,3779,726,14499,14964,15177,496
"34","Hérault",2,60414,16152,626,152,502,64,885,6899,4122,297,4766,10671,14634,420
"34","Hérault",3,85110,14326,1108,202,692,94,2655,14410,4585,763,13168,17397,14758,544
"34","Hérault",4,111980,18981,1510,402,913,113,3718,14931,5208,1429,22871,18812,21625,883
"34","Hérault",5,94276,17405,1295,411,651,124,2977,10940,4192,1588,22279,13126,17772,915
"34","Hérault",6,91224,19995,1093,285,504,97,2592,12705,3016,1052,23726,11855,13329,533
"34","Hérault",7,102086,20517,1286,362,589,111,3092,14921,3542,1004,25587,13548,16225,717
"34","Hérault",8,88586,17842,1080,261,686,110,2651,10960,4117,841,17996,14417,16527,614
"34","Hérault",9,82111,16467,986,206,655,87,2273,12071,3619,761,16227,13831,13949,538
"35","Ille-et-Vilaine",1,89581,16309,1058,443,505,130,2637,10924,8344,416,7177,24084,16437,735
"35","Ille-et-Vilaine",2,92235,13241,1109,417,460,134,2592,14902,8171,497,7035,27141,15418,741
"35","Ille-et-Vilaine",3,86076,13021,1327,559,465,123,3356,12119,6177,584,11419,21186,14322,884
"35","Ille-et-Vilaine",4,90205,13747,1375,621,526,147,4099,12147,5969,637,14125,20115,15082,1104
"35","Ille-et-Vilaine",5,103147,14658,1643,780,568,143,4969,18529,5810,671,13243,25376,14932,1085
"35","Ille-et-Vilaine",6,86855,13188,1422,677,488,137,3986,14412,5067,680,13670,19182,12273,989
"35","Ille-et-Vilaine",7,98661,18033,1200,537,547,106,3276,19373,5419,657,12755,21956,13389,861
"35","Ille-et-Vilaine",8,83382,14508,877,305,435,101,1907,11628,8461,389,5224,22333,16243,666
"36","Indre",1,80311,17991,1324,586,512,132,3148,11906,3505,751,14195,13064,11821,771
"36","Indre",2,90098,16920,1757,804,586,166,4029,13570,4281,977,17790,14237,13117,986
"37","Indre-et-Loire",1,68655,16813,707,286,409,92,1761,11206,4681,350,5627,13829,12101,501
"37","Indre-et-Loire",2,88635,14689,1337,526,607,151,4392,14549,4455,606,15414,17026,13385,899
"37","Indre-et-Loire",3,97490,17190,1528,659,596,167,4558,16166,4950,712,15345,19218,14809,924
"37","Indre-et-Loire",4,90174,16702,1432,665,489,123,3850,14491,4870,690,14388,16953,14051,891
"37","Indre-et-Loire",5,83917,14777,1193,470,519,146,3891,15784,3942,571,13748,16139,11585,692
"38","Isère",1,83049,16588,877,214,487,91,1786,15716,5768,400,5838,21303,13382,419
"38","Isère",2,77363,17774,977,329,609,97,2354,8003,4233,526,11443,15053,15055,614
"38","Isère",3,59637,14752,656,238,448,68,1618,5620,4096,280,6892,11727,12529,477
"38","Isère",4,89807,17836,1233,394,664,127,3461,12325,4840,780,14296,17762,14974,737
"38","Isère",5,102333,19754,1384,413,812,136,4029,13003,6022,809,15746,21522,17403,850
"38","Isère",6,83217,17580,1242,351,711,111,4037,11094,2888,602,19982,13358,10333,571
"38","Isère",7,91433,17576,1587,455,683,136,4553,12004,3471,950,21150,14929,12571,778
"38","Isère",8,78602,16021,1148,320,610,95,3589,10961,3325,618,16113,14064,10749,565
"38","Isère",9,97285,19714,1598,453,699,152,4135,13106,5120,877,16265,18883,15143,746
"38","Isère",10,93640,20409,1356,428,835,127,4211,11095,3889,695,20185,15490,13810,625
"39","Jura",1,65565,12542,1194,388,436,97,2875,9505,2709,665,11901,11509,10765,619
"39","Jura",2,55264,10739,923,333,458,100,2750,8951,2120,675,9872,9042,8315,674
"39","Jura",3,69503,13243,1051,427,436,88,2908,9917,2760,654,14337,11345,11251,687
"40","Landes",1,101405,19018,1599,445,640,137,3978,13464,6919,2826,15736,19360,15564,949
"40","Landes",2,112245,20674,1694,400,710,123,3676,16712,6843,3714,14521,22934,18739,976
"40","Landes",3,96547,15719,1551,390,566,112,3367,12288,7788,3945,14699,18749,15646,950
"41","Loir-et-Cher",1,82778,17229,1151,457,526,111,3714,13124,4584,529,13867,14998,11326,708
"41","Loir-et-Cher",2,80317,15028,1284,502,456,154,3930,13957,2912,650,17968,12471,9776,718
"41","Loir-et-Cher",3,82226,14068,1257,583,534,139,4002,15675,3460,664,16827,13170,10474,772
"42","Loire",1,65602,16049,867,266,471,76,2141,8286,3638,466,9713,11854,10974,507
"42","Loire",2,53156,14009,570,231,422,66,1469,6963,3141,298,6468,9637,9265,400
"42","Loire",3,82438,18576,1331,345,609,97,3859,11030,3552,693,15352,14499,11572,613
"42","Loire",4,100995,20503,1587,521,664,138,4586,12866,4195,999,21153,17033,15329,867
"42","Loire",5,101076,19248,1750,579,622,136,4824,15471,4083,1177,20020,18247,13394,854
"42","Loire",6,107542,20453,1736,605,695,154,5810,17232,4089,1408,21516,19407,12854,866
"43","Haute-Loire",1,97723,17716,1844,589,586,160,4891,13773,4021,1480,19319,17985,13591,1057
"43","Haute-Loire",2,79435,15159,1497,454,464,122,3455,12183,3414,1632,12866,14836,11828,871
"44","Loire-Atlantique",1,74879,13443,898,190,402,96,1820,14432,5729,337,4523,19814,12527,536
"44","Loire-Atlantique",2,85800,15226,858,236,575,82,1610,14843,7727,353,4375,21370,17650,603
"44","Loire-Atlantique",3,92183,17577,1434,372,610,114,2683,10837,7532,422,8566,21577,19322,832
"44","Loire-Atlantique",4,88921,15269,1250,424,549,114,2818,10504,7223,441,8107,22057,18873,872
"44","Loire-Atlantique",5,116188,16606,1816,485,735,170,4577,18647,7772,709,11641,31292,20124,1076
"44","Loire-Atlantique",6,109489,17285,1986,740,681,174,4956,17759,5812,830,17491,21880,17692,1405
"44","Loire-Atlantique",7,108216,17051,1558,512,723,154,4174,23130,4880,723,14268,23445,15952,1143
"44","Loire-Atlantique",8,85491,16890,1112,578,500,104,2872,8775,5703,526,10998,18364,17777,876
"44","Loire-Atlantique",9,117855,18168,1849,687,681,178,5665,20437,5988,927,17873,23907,19550,1214
"44","Loire-Atlantique",10,114516,15082,1878,561,673,168,5371,20339,6774,761,13352,28896,18890,1061
"45","Loiret",1,75641,14196,988,331,489,109,3127,14099,4120,461,9476,17390,9972,516
"45","Loiret",2,85239,17383,1195,441,567,127,3685,13947,4331,571,13807,16504,11473,722
"45","Loiret",3,70843,12796,1132,397,544,116,3894,12062,2796,618,15189,11917,8316,623
"45","Loiret",4,74602,15725,1056,418,537,123,3614,11986,2477,560,17171,10864,8992,569
"45","Loiret",5,74498,14764,1081,460,513,127,3761,11424,2863,553,16442,11864,9484,701
"45","Loiret",6,71784,13110,945,333,459,100,3047,12137,3851,440,11577,14967,9897,524
"46","Lot",1,70850,11967,999,329,446,129,2410,9515,4165,1446,9871,14751,13519,777
"46","Lot",2,65472,10380,1094,394,425,97,2140,8944,3786,1627,7994,14776,12495,751
"47","Lot-et-Garonne",1,88218,17036,1310,346,608,102,3239,12860,4049,2255,16677,15239,13192,755
"47","Lot-et-Garonne",2,77018,14874,1185,357,495,118,3058,10969,3314,2037,16017,11934,11330,747
"47","Lot-et-Garonne",3,75695,14895,1165,341,557,107,3110,10999,3276,1791,14577,12080,11496,790
"48","Lozère",1,59508,9949,904,294,354,93,2197,10986,2733,1764,9097,10463,9483,683
"49","Maine-et-Loire",1,83953,15457,1209,437,519,98,2987,16527,5176,445,8798,18757,12372,707
"49","Maine-et-Loire",2,90343,15984,1579,599,533,124,3484,15832,5537,537,10020,20630,14139,864
"49","Maine-et-Loire",3,70395,12251,1226,551,352,115,3380,13322,2947,460,13908,11447,9172,767
"49","Maine-et-Loire",4,74248,12458,1269,497,408,114,3601,14931,3270,503,13192,13776,8913,799
"49","Maine-et-Loire",5,77305,13496,1249,538,525,97,3638,15110,3506,448,8973,18788,9687,778
"49","Maine-et-Loire",6,95358,14889,1946,745,611,142,4862,18260,4873,656,12805,20990,12857,1020
"49","Maine-et-Loire",7,77823,12503,1289,493,491,115,3369,14906,4244,434,10239,17297,11153,761
"50","Manche",1,87002,15741,1345,617,431,125,3991,15182,4158,497,15127,17368,10952,926
"50","Manche",2,95573,17136,1428,737,544,146,4934,19636,4180,699,14456,18477,11428,1073
"50","Manche",3,107881,19126,1668,720,591,198,4820,18883,5038,763,18831,20704,14196,1183
"50","Manche",4,88648,18199,1191,519,482,154,3307,11208,5862,561,13206,18134,14450,952
"51","Marne",1,72050,16224,799,408,480,102,2811,11409,3140,348,13040,12971,9523,498
"51","Marne",2,73074,16094,863,375,475,88,2840,13115,3059,422,12664,13337,8938,495
"51","Marne",3,80714,17677,1089,462,564,116,3712,13922,2652,536,18081,11887,9085,626
"51","Marne",4,78833,17131,1044,462,493,109,3555,12579,2918,516,17091,12319,9621,576
"51","Marne",5,77025,14139,1056,469,429,110,3978,14056,1914,528,21597,10444,7257,567
"52","Haute-Marne",1,72475,15001,1155,498,420,117,3477,11362,2598,682,15739,11274,8958,723
"52","Haute-Marne",2,61673,13768,965,428,393,81,2940,8228,1694,444,18288,7164,6422,510
"53","Mayenne",1,72670,12302,1203,501,399,94,2921,14977,3620,415,9436,16164,9488,685
"53","Mayenne",2,77756,12404,1510,471,430,107,3489,18354,3496,533,10075,16522,9062,762
"53","Mayenne",3,71899,11686,1398,655,353,128,3697,15441,3131,577,10954,14252,8248,795
"54","Meurthe-et-Moselle",1,79265,16219,948,357,575,122,2852,12252,5039,453,10481,16123,12849,660
"54","Meurthe-et-Moselle",2,68590,14525,750,275,534,113,2126,11477,4284,370,7970,15409,10013,480
"54","Meurthe-et-Moselle",3,82832,21781,1076,521,534,108,2640,7647,3113,465,15710,12152,15854,850
"54","Meurthe-et-Moselle",4,98018,19650,1458,735,640,120,4404,12484,4014,794,24399,14659,13228,945
"54","Meurthe-et-Moselle",5,78690,14762,1097,528,601,144,3841,10276,3576,596,19544,12221,10342,746
"54","Meurthe-et-Moselle",6,87696,19558,1140,526,574,126,3468,8518,3606,558,20090,13139,15114,802
"55","Meuse",1,77360,14966,1121,491,541,126,4000,10675,2865,766,19725,11690,9094,841
"55","Meuse",2,60269,12883,823,395,315,111,2802,8612,2053,528,14877,9023,6926,589
"56","Morbihan",1,105402,16729,1396,416,570,168,3637,22572,6394,714,11225,27188,13148,839
"56","Morbihan",2,104343,16802,1422,524,631,147,4036,19093,6522,955,14430,22842,15123,1133
"56","Morbihan",3,90733,13333,1390,625,511,149,4027,14349,4718,874,16000,20363,12474,1183
"56","Morbihan",4,105130,16314,1787,718,592,172,4652,17886,5436,820,18351,21685,14859,1219
"56","Morbihan",5,80730,17349,1167,411,436,107,2369,11611,5694,512,9180,18581,12229,721
"56","Morbihan",6,90674,15586,1356,597,509,158,3690,12389,5604,945,13741,19980,14187,1214
"57","Moselle",1,91406,21638,1330,547,692,111,3058,11070,4043,494,17667,15685,13990,736
"57","Moselle",2,76507,17392,1065,359,608,125,3157,11833,3456,479,13318,13997,9867,550
"57","Moselle",3,75312,17759,935,334,532,110,2873,10746,3673,467,12835,14170,9987,621
"57","Moselle",4,81516,15861,1294,672,623,146,4994,12508,2582,845,21566,11131,8124,783
"57","Moselle",5,74010,16672,1220,593,588,132,3949,10176,2296,1028,18203,10347,7551,810
"57","Moselle",6,70169,19653,967,469,574,110,2840,7085,2302,488,16574,8312,9799,660
"57","Moselle",7,90402,20474,1422,704,701,145,4367,10585,3239,707,22883,12315,11547,918
"57","Moselle",8,92473,26011,1405,597,831,115,2862,7377,3913,504,18229,12995,16261,978
"57","Moselle",9,99476,22040,1613,654,828,173,4425,14623,3976,751,17267,18786,12992,919
"58","Nièvre",1,76928,18669,1335,429,445,114,2920,9389,3696,584,13637,13219,11446,683
"58","Nièvre",2,82497,16788,1215,575,514,120,3526,11384,4158,781,16180,14137,11633,864
"59","Nord",1,61682,16195,602,285,474,69,1243,6043,4649,208,6894,10702,13556,457
"59","Nord",2,86550,20246,1056,411,719,111,2280,8738,5828,351,11678,15483,18592,638
"59","Nord",3,94050,24800,1182,640,558,101,3213,9486,3176,488,24608,10739,13854,676
"59","Nord",4,99215,20639,1167,438,553,155,3485,18249,4927,449,13634,20464,13928,634
"59","Nord",5,99888,18895,1576,559,605,157,4404,13364,4611,457,21834,17140,15103,693
"59","Nord",6,89060,14299,1194,451,493,108,4010,17385,3803,483,16583,17764,11560,499
"59","Nord",7,72350,16307,913,301,546,98,2503,12013,3168,264,11021,12590,11805,447
"59","Nord",8,67704,22166,818,352,619,75,1559,4834,2975,217,11074,9047,13122,452
"59","Nord",9,91893,22015,887,305,556,99,2416,20736,4330,377,9493,17196,12619,529
"59","Nord",10,81911,22732,1029,408,575,87,2925,10441,3032,374,15515,11436,12364,591
"59","Nord",11,92042,22171,1071,510,576,124,3131,11516,5326,419,15402,15082,15554,687
"59","Nord",12,93593,21069,1290,672,476,114,3961,10910,2910,533,25451,11237,13741,650
"59","Nord",13,89193,21897,1628,729,709,117,3124,7009,3740,435,21483,10873,16051,886
"59","Nord",14,98767,18309,1523,721,561,153,4770,13785,3545,715,25531,14282,13291,923
"59","Nord",15,95832,17345,1386,737,513,122,4522,14615,3588,639,22788,14747,13247,914
"59","Nord",16,82976,19423,1199,650,412,111,2634,5747,2997,374,22920,9238,16138,628
"59","Nord",17,73591,16794,1004,432,457,104,2562,7925,2838,327,18212,9685,12300,535
"59","Nord",18,91651,20866,1358,702,562,130,4309,11665,2843,441,24584,11721,11401,646
"59","Nord",19,79065,18324,1060,585,460,87,2481,5726,2935,300,23318,8731,14078,543
"59","Nord",20,81085,21831,1033,587,443,110,2816,6525,2538,319,21696,9102,12987,595
"59","Nord",21,82570,20750,1084,500,583,106,2897,9998,2772,365,18311,11464,12824,528
"60","Oise",1,83057,16821,1211,665,542,117,3462,10227,2952,508,22370,12260,10558,824
"60","Oise",2,88723,16677,1290,681,565,140,4181,12279,2936,586,24600,12628,10866,776
"60","Oise",3,73830,16461,1067,456,890,106,2945,7373,3028,404,16511,10476,13010,617
"60","Oise",4,92482,17481,1168,368,803,123,3880,18532,3229,609,18405,16260,10701,570
"60","Oise",5,72727,15048,1034,458,592,93,3088,9613,2787,452,16875,11802,9940,609
"60","Oise",6,75206,14937,1080,540,531,116,3100,10895,2568,434,17998,11809,10214,621
"60","Oise",7,76060,15829,1190,509,743,132,3280,7864,3025,421,18429,11445,12126,665
"61","Orne",1,69542,12636,1101,477,346,112,3091,13868,3177,503,11988,12806,8317,727
"61","Orne",2,67550,12581,943,453,418,115,3132,14621,2285,488,14441,10022,7069,642
"61","Orne",3,71642,13123,1132,583,527,123,3421,12595,3197,489,13103,12987,9156,778
"62","Pas-de-Calais",1,104255,17367,1636,842,592,145,4806,15515,3571,688,29692,15177,12604,909
"62","Pas-de-Calais",2,85270,15957,1226,612,500,122,3470,12082,4317,533,16303,16214,12648,708
"62","Pas-de-Calais",3,85594,22847,1137,716,501,105,2292,4690,3410,316,24370,8664,15277,675
"62","Pas-de-Calais",4,88511,16659,1359,665,391,99,3731,15480,2881,505,19005,16375,9989,739
"62","Pas-de-Calais",5,89795,20519,1012,681,361,129,3118,10357,3902,479,19552,14247,14078,754
"62","Pas-de-Calais",6,91172,14922,1372,725,394,145,4548,13240,3616,616,24616,13628,11896,752
"62","Pas-de-Calais",7,93184,22613,1242,632,505,117,3614,9183,3294,473,24632,11790,13719,699
"62","Pas-de-Calais",8,92986,19418,1241,945,402,129,3625,10146,3604,566,23579,14360,13464,775
"62","Pas-de-Calais",9,79203,15829,1139,572,392,104,3409,10103,3107,454,19587,12064,11287,584
"62","Pas-de-Calais",10,90289,22106,1249,784,407,114,2898,6569,3759,404,26364,10113,14069,797
"62","Pas-de-Calais",11,94861,23566,1286,665,603,92,2780,5698,3682,391,28556,10088,16039,760
"62","Pas-de-Calais",12,95248,22391,1452,828,436,107,3136,6014,3941,407,29891,10962,14272,850
"63","Puy-de-Dôme",1,83422,19963,1249,405,578,130,2306,8837,5292,792,9538,18118,14961,729
"63","Puy-de-Dôme",2,87847,16748,1517,587,550,141,3330,10949,4843,1515,13625,17512,14781,1036
"63","Puy-de-Dôme",3,89014,17587,1324,413,471,164,2742,14979,5361,1412,8812,20907,13551,774
"63","Puy-de-Dôme",4,98579,18990,1737,598,599,181,3526,11559,5617,1532,13259,21289,18008,1089
"63","Puy-de-Dôme",5,102077,20075,1946,696,712,139,3731,12108,4701,2097,17796,18971,17116,1102
"64","Pyrénées-Atlantiques",1,68721,13893,923,198,417,71,2115,9026,4517,2208,7528,15837,11042,578
"64","Pyrénées-Atlantiques",2,80056,14203,1031,244,449,82,2657,10869,4752,3549,9984,18992,12131,667
"64","Pyrénées-Atlantiques",3,82776,15365,1162,334,460,75,2653,9123,5441,5391,10962,16752,13684,843
"64","Pyrénées-Atlantiques",4,80215,14772,1142,389,363,92,2161,9959,4654,10290,7535,14272,12527,1647
"64","Pyrénées-Atlantiques",5,90986,18439,1160,268,616,86,2575,14081,5701,3514,9515,18681,14900,1016
"64","Pyrénées-Atlantiques",6,99624,20685,1267,366,477,102,2566,18800,5524,4930,8852,19424,14519,1620
"65","Hautes-Pyrénées",1,88376,17821,1269,371,489,90,2835,9141,5200,3322,12297,17749,16385,815
"65","Hautes-Pyrénées",2,89314,16454,1259,396,534,110,3041,11079,4735,3606,13650,17321,15763,760
"66","Pyrénées-Orientales",1,70971,16617,833,272,468,100,1937,9749,2746,718,14811,10380,11380,531
"66","Pyrénées-Orientales",2,96684,19929,1240,406,582,125,2776,12921,3045,1222,25581,12954,14390,792
"66","Pyrénées-Orientales",3,83066,17818,1092,343,572,109,2255,10633,3773,1252,17473,11743,14425,838
"66","Pyrénées-Orientales",4,97193,19620,1398,456,681,119,2773,12562,3891,1442,22304,14168,16197,892
"67","Bas-Rhin",1,60939,12963,513,186,596,61,1098,10100,4631,286,4602,13528,11723,428
"67","Bas-Rhin",2,69497,15669,676,311,679,103,1990,9687,4710,450,8284,14019,12061,519
"67","Bas-Rhin",3,68848,16104,734,296,734,87,2251,10471,3852,416,8704,13129,11281,479
"67","Bas-Rhin",4,94497,17127,1130,419,747,132,4713,19294,3828,681,16195,19073,10101,600
"67","Bas-Rhin",5,104112,20218,1615,786,922,171,6239,17208,3567,1003,22978,16831,10807,1035
"67","Bas-Rhin",6,96017,18251,1339,629,777,189,5625,17131,3341,985,20807,15836,9670,843
"67","Bas-Rhin",7,85409,16098,1149,752,778,144,5595,14343,2470,946,21499,12568,7557,818
"67","Bas-Rhin",8,94578,18868,1481,885,784,154,6345,16151,2479,881,24218,13435,7156,1047
"67","Bas-Rhin",9,92642,18739,1169,559,824,156,5443,17179,3053,772,20427,14928,8064,780
"68","Haut-Rhin",1,76090,16489,1236,477,812,148,3708,12697,2944,675,15018,12663,8158,672
"68","Haut-Rhin",2,92204,17339,1498,598,852,176,5433,16269,3370,1145,19220,14668,10154,897
"68","Haut-Rhin",3,85592,16602,1505,486,766,178,5540,18225,2426,853,18098,12058,7690,725
"68","Haut-Rhin",4,102537,20043,1837,697,1028,195,6282,15033,3334,989,25916,14107,11434,1078
"68","Haut-Rhin",5,77394,18772,1509,349,786,129,3176,13851,3330,604,11931,13012,9227,539
"68","Haut-Rhin",6,92373,21251,1612,494,973,184,4423,14162,3290,738,19521,13290,11193,816
"69","Rhône",1,69433,14499,753,236,552,108,1753,10825,4644,386,6190,16094,12709,467
"69","Rhône",2,74964,14448,633,190,455,85,1212,13888,5887,322,4116,17625,15388,486
"69","Rhône",3,72007,14114,710,221,578,102,1545,11420,5784,345,5129,17266,14070,480
"69","Rhône",4,80092,15176,708,191,553,105,1689,18756,5068,370,5331,20083,11396,407
"69","Rhône",5,88108,18085,924,211,580,83,2624,22234,3808,432,9103,19506,9833,416
"69","Rhône",6,82377,21517,910,347,717,101,2052,9894,5461,368,7816,16539,15791,551
"69","Rhône",7,67959,20547,652,248,662,77,1733,7816,3484,296,8095,11268,12340,448
"69","Rhône",8,102508,19616,1403,423,746,137,4816,22117,3929,770,16314,19402,11726,625
"69","Rhône",9,91672,18231,1296,323,711,109,4196,17451,3609,714,17240,16194,10509,647
"69","Rhône",10,95232,16752,1174,304,710,128,4892,20760,4079,696,13591,20248,10956,535
"69","Rhône",11,92433,18355,1365,375,730,119,3997,14105,3723,699,16923,17628,13423,601
"69","Rhône",12,79772,16020,921,311,567,96,2679,17057,3950,466,8688,17637,10703,432
"69","Rhône",13,84726,18686,1061,261,781,104,3351,13551,3297,475,15408,15715,11198,499
"69","Rhône",14,74321,23027,950,420,846,92,1890,5907,3371,364,10532,10932,15009,552
"70","Haute-Saône",1,88490,16698,1420,613,583,138,4343,13661,3157,727,20688,14097,10533,967
"70","Haute-Saône",2,90724,18278,1400,712,623,129,3833,11523,3439,785,23065,13235,11617,1054
"71","Saône-et-Loire",1,72884,15179,1203,313,529,99,3459,11973,3761,570,11457,13572,9843,555
"71","Saône-et-Loire",2,78438,15421,1420,490,432,107,4386,12923,3180,750,14255,13368,10384,678
"71","Saône-et-Loire",3,82777,17618,1372,444,477,104,3598,12266,4007,593,16089,14248,10623,756
"71","Saône-et-Loire",4,82320,17347,1461,475,536,98,4165,11181,3552,656,17670,12710,11060,770
"71","Saône-et-Loire",5,89999,21219,1418,479,561,102,3353,11757,4684,584,15787,15314,13339,829
"72","Sarthe",1,71726,12192,1286,363,361,107,2331,17468,3474,364,10205,12710,9966,610
"72","Sarthe",2,81903,16457,1632,461,447,114,2523,15358,3881,373,13390,13421,12870,702
"72","Sarthe",3,85273,14953,1415,660,444,114,3108,19353,3217,541,16409,12086,11521,821
"72","Sarthe",4,79619,13853,1379,447,374,109,2550,20089,3075,401,12496,12085,11588,706
"72","Sarthe",5,86919,16122,1590,521,448,103,3145,19993,3548,462,14583,14316,10906,726
"73","Savoie",1,86996,16564,1250,319,673,108,4078,15399,3553,892,15293,16344,11441,643
"73","Savoie",2,75951,16441,1126,289,629,110,3535,13975,2644,840,12774,11962,10487,706
"73","Savoie",3,72640,14192,997,334,579,111,3270,10723,3168,733,13915,13132,10387,645
"73","Savoie",4,74650,15549,880,277,727,101,2790,10718,4387,687,10466,14433,12698,584
"74","Haute-Savoie",1,100828,18341,1498,356,866,173,4987,20336,4301,867,14197,21617,12040,747
"74","Haute-Savoie",2,95025,18272,1315,313,933,135,4338,18941,4425,846,12175,19805,12398,683
"74","Haute-Savoie",3,82253,16406,1305,317,708,141,4409,14618,3411,729,14224,14012,10828,733
"74","Haute-Savoie",4,86717,22684,1106,296,985,141,3353,15528,3459,613,11680,15174,10650,690
"74","Haute-Savoie",5,96156,21973,1419,396,954,132,4209,19100,3647,806,13893,16524,11878,767
"74","Haute-Savoie",6,79054,18599,1122,241,575,105,3489,16534,2562,788,11750,13042,9285,643
"75","Paris",1,80756,11228,556,104,419,68,832,23670,5223,315,2666,26972,8285,263
"75","Paris",2,71736,9302,492,97,352,68,806,23058,4494,331,2359,22824,7105,262
"75","Paris",3,68669,11435,613,153,473,90,1059,12988,5808,277,2986,20793,11402,386
"75","Paris",4,69718,10008,401,55,266,51,770,32193,2096,229,2455,16987,3950,115
"75","Paris",5,75853,11785,580,172,431,67,760,10718,8306,284,2432,25205,14474,402
"75","Paris",6,76611,12912,686,215,474,80,890,8607,9139,295,2861,21475,18164,552
"75","Paris",7,76041,11032,610,163,426,74,917,12341,7677,324,2655,25949,13231,417
"75","Paris",8,82156,13513,780,217,560,122,1597,14350,7627,412,4211,23569,14422,464
"75","Paris",9,68343,11703,718,223,570,111,1212,9593,6539,347,3703,19087,13698,510
"75","Paris",10,67293,11685,632,202,563,94,1244,10156,6447,330,3649,18896,12716,407
"75","Paris",11,70966,9758,543,157,443,92,917,16145,6338,304,2502,23464,9765,350
"75","Paris",12,73940,10166,542,115,425,73,1078,24267,4209,331,2842,22532,6893,242
"75","Paris",13,75350,11830,622,150,532,82,1424,19512,5162,364,3666,22370,9044,342
"75","Paris",14,72316,10397,339,53,297,50,879,34999,1953,194,2556,16742,3559,118
"75","Paris",15,76216,14714,714,240,612,100,1203,8163,8257,337,3733,18721,18514,610
"75","Paris",16,70283,14405,631,249,510,74,909,8860,7263,284,3136,16446,16776,461
"75","Paris",17,58153,13384,563,179,519,72,706,5964,5725,222,2682,12374,14996,456
"75","Paris",18,67237,10943,605,153,465,104,794,9160,7287,310,2625,20600,13554,442
"76","Seine-Maritime",1,65496,14490,772,213,416,80,1537,10819,4448,271,5993,13936,11768,499
"76","Seine-Maritime",2,94778,16206,1356,413,585,137,4016,17687,4365,473,16360,19169,12903,715
"76","Seine-Maritime",3,69575,15976,1022,429,508,97,1904,5237,4486,267,10954,11208,16386,786
"76","Seine-Maritime",4,88340,19440,1463,585,671,116,2882,7324,5309,398,17424,13969,17315,988
"76","Seine-Maritime",5,96251,18054,1502,681,565,165,4016,11544,4667,510,21230,16154,15626,1057
"76","Seine-Maritime",6,109605,21438,1756,813,510,164,4455,16305,3551,616,26900,15772,15797,972
"76","Seine-Maritime",7,87582,18988,1627,359,455,117,2996,13315,3906,454,12917,15760,15895,662
"76","Seine-Maritime",8,67636,18980,1296,327,409,89,1799,4988,2740,232,11245,8427,16514,549
"76","Seine-Maritime",9,93651,15930,1531,703,512,134,4445,13162,3807,558,21642,14077,15634,1014
"76","Seine-Maritime",10,108744,17792,1760,833,574,179,4986,17955,4237,604,26280,17284,14556,1079
"77","Seine-et-Marne",1,70891,17286,929,295,617,96,3112,10784,2910,397,10356,12598,10671,495
"77","Seine-et-Marne",2,79697,15765,981,356,665,127,3582,14645,3518,495,13232,14689,10680,580
"77","Seine-et-Marne",3,75449,14898,1169,320,704,98,3767,9983,3483,445,15273,12042,12390,555
"77","Seine-et-Marne",4,87907,17333,1316,435,654,132,4392,12703,2946,605,22392,11829,11687,680
"77","Seine-et-Marne",5,84928,16778,1240,367,801,136,4348,12464,3130,562,17511,14272,12264,594
"77","Seine-et-Marne",6,78045,16202,1163,353,690,99,3723,9399,3142,461,16584,12504,12682,583
"77","Seine-et-Marne",7,85317,16976,1238,360,864,118,3852,11177,3480,454,16232,14820,14754,569
"77","Seine-et-Marne",8,89117,17689,1317,313,796,132,3791,12939,4527,518,11528,19772,14748,622
"77","Seine-et-Marne",9,85704,18307,1192,349,763,122,4846,11770,3723,466,13905,16269,13077,569
"77","Seine-et-Marne",10,79711,17948,1165,311,932,107,2799,9138,4438,438,9539,16168,15702,574
"77","Seine-et-Marne",11,64792,14120,1359,247,709,80,3293,5966,3475,341,8969,12351,13172,533
"78","Yvelines",1,83366,14045,823,181,699,114,2355,22242,5332,432,6109,20452,9913,395
"78","Yvelines",2,85323,12847,897,209,651,144,3028,21371,4627,546,7546,23015,9737,407
"78","Yvelines",3,83492,14528,716,174,479,98,2293,26525,3738,416,6157,20030,7694,367
"78","Yvelines",4,78395,13039,800,178,575,96,2439,19504,4159,405,5985,21680,8900,355
"78","Yvelines",5,73673,14284,703,184,543,100,1988,18103,3577,337,5744,18526,8946,374
"78","Yvelines",6,75762,15632,773,188,597,105,2106,18440,3420,398,6195,18244,8989,395
"78","Yvelines",7,80529,16113,1007,306,700,108,3113,13663,4552,528,9850,17946,11761,549
"78","Yvelines",8,73760,17929,1057,337,858,116,2613,7901,3514,406,11838,11864,14323,586
"78","Yvelines",9,90878,17307,1288,421,927,135,4074,15352,4209,559,15110,16860,13519,632
"78","Yvelines",10,88776,13933,1039,282,780,147,3892,19875,5058,597,10322,20483,11482,516
"78","Yvelines",11,68238,15159,860,197,685,95,2303,9846,6622,363,6272,13794,11277,417
"78","Yvelines",12,68956,12669,875,215,654,100,2702,14013,3756,384,6896,16169,9804,455
"79","Deux-Sèvres",1,90245,17777,1359,510,520,118,3261,12055,5983,780,9862,21366,15069,998
"79","Deux-Sèvres",2,97393,18009,1723,780,535,157,4050,13068,5464,1058,15235,19434,15714,1337
"79","Deux-Sèvres",3,84747,15370,1621,579,423,118,4045,15072,3503,761,13543,17026,10826,1148
"80","Somme",1,84262,19219,1238,605,468,98,2662,8525,3281,434,18207,14488,13702,733
"80","Somme",2,75497,15662,941,420,511,110,2429,10276,3594,361,11051,16973,12221,586
"80","Somme",3,83829,14855,1429,710,353,141,3565,11828,2432,571,22271,12664,11551,737
"80","Somme",4,83987,14605,1290,677,500,142,3703,11148,2697,522,22234,14057,11024,786
"80","Somme",5,81439,16148,1226,699,440,88,3103,10057,2256,477,23318,11338,10993,819
"81","Tarn",1,83800,14881,1238,364,469,124,3284,12963,4338,2221,14582,15363,12496,698
"81","Tarn",2,106028,18544,1491,546,670,162,4065,12974,6343,2340,18522,18766,19522,1056
"81","Tarn",3,101366,17082,1601,487,683,153,4091,15115,4849,2544,19298,17626,16076,967
"82","Tarn-et-Garonne",1,89963,16057,1246,384,650,129,3441,13650,4503,1679,17463,15510,13924,720
"82","Tarn-et-Garonne",2,93378,16566,1313,446,687,137,3792,12342,4064,1981,21720,14809,13917,853
"83","Var",1,74822,19430,849,204,598,96,2308,14139,2327,606,13813,10631,9140,411
"83","Var",2,90494,20233,1305,284,587,107,3512,14184,2577,880,21476,12615,11838,529
"83","Var",3,100795,20017,1304,279,740,128,3723,20910,2936,959,21927,15044,11851,558
"83","Var",4,106247,22310,1213,293,805,142,3804,23988,2257,907,25768,12945,10699,629
"83","Var",5,96198,20183,981,250,728,97,3522,22240,2039,619,23067,12697,8866,461
"83","Var",6,118396,23218,1584,333,832,141,4800,19203,3325,1170,30956,16156,15415,718
"83","Var",7,103518,23260,1288,289,646,131,3485,20243,2650,813,22451,14523,12796,543
"83","Var",8,104307,20456,1334,342,924,135,4023,17409,2978,979,26918,13986,13579,806
"84","Vaucluse",1,72960,17804,852,238,605,113,1880,8880,3117,532,13135,10945,14033,486
"84","Vaucluse",2,83274,15746,1140,256,517,104,3163,13315,2847,881,19885,12596,11902,531
"84","Vaucluse",3,75536,14576,1041,283,495,100,2934,10919,2161,726,21066,9656,10738,496
"84","Vaucluse",4,88713,16843,1430,336,640,127,3538,13643,2436,1015,23642,12057,11935,652
"84","Vaucluse",5,81840,15633,1143,275,633,99,2937,12862,2992,835,18202,12954,12244,639
"85","Vendée",1,109546,17100,1722,710,585,167,5141,21039,5026,749,16081,24770,14245,1171
"85","Vendée",2,103483,16596,1690,635,563,140,4726,19600,4758,794,15676,22695,13689,1035
"85","Vendée",3,122127,22038,1600,642,662,128,5599,27797,4244,881,19531,23726,13437,959
"85","Vendée",4,97831,13090,2057,759,494,164,4996,22849,3908,701,12411,22801,11591,1178
"85","Vendée",5,81455,14043,1287,548,401,97,3749,15519,3420,685,13891,15997,10194,876
"86","Vienne",1,79610,15917,1227,488,501,133,2858,9974,5088,726,10387,16918,13932,948
"86","Vienne",2,77533,14493,1141,417,456,123,2877,11222,5318,652,8277,17506,13769,845
"86","Vienne",3,74137,14290,1316,639,483,146,3172,11058,3437,836,13124,13032,10839,1014
"86","Vienne",4,75734,17427,1057,530,456,158,3013,10449,3018,647,15236,11690,10521,835
"87","Haute-Vienne",1,85076,16834,1335,559,470,141,2755,9629,5484,1034,11673,17895,15406,933
"87","Haute-Vienne",2,97847,17523,1651,700,559,155,3555,12965,5487,1383,14289,20154,17149,1133
"87","Haute-Vienne",3,83399,16266,1418,591,528,144,2975,9928,5165,1101,11975,17528,13994,978
"88","Vosges",1,77066,16243,1191,466,561,104,3515,11024,3261,641,15944,12582,10270,748
"88","Vosges",2,73276,15337,1196,529,623,100,3353,9042,2754,639,18607,10574,9183,804
"88","Vosges",3,65636,12190,1283,513,584,129,3667,9959,2517,799,13562,10463,8649,877
"88","Vosges",4,66634,12623,1050,496,455,122,3788,9554,2355,671,15811,9985,8422,800
"89","Yonne",1,76975,15910,1149,407,629,119,3779,12414,3243,736,14870,12950,9772,640
"89","Yonne",2,75754,16387,1081,472,477,107,3683,11032,2644,636,16906,11245,9938,725
"89","Yonne",3,89189,20442,1174,501,669,115,4206,13293,2959,615,20864,12039,11105,763
"90","Territoire de Belfort",1,47813,10911,745,256,454,83,1971,6547,1985,326,10171,7220,6421,424
"90","Territoire de Belfort",2,47477,10727,694,336,487,84,1799,6121,2204,343,9078,7551,7251,462
"91","Essonne",1,71168,18506,1067,327,787,103,2531,6429,3710,369,8159,12905,15182,628
"91","Essonne",2,90695,16745,1311,404,805,145,5047,13781,3623,583,17574,15783,13730,669
"91","Essonne",3,95774,16725,1305,372,848,153,4980,14313,5058,655,15201,19088,15793,723
"91","Essonne",4,96472,15934,1309,340,894,151,5157,16052,5108,630,13375,21973,14394,720
"91","Essonne",5,68257,11261,736,185,555,130,2077,13481,4478,400,4434,19213,10670,387
"91","Essonne",6,81929,16223,949,280,827,149,3077,11539,5414,437,8227,19262,14645,534
"91","Essonne",7,74142,16837,915,278,768,98,3384,9614,4012,441,9656,14134,13101,510
"91","Essonne",8,76390,15168,827,190,653,89,11222,9007,3695,264,7790,14360,12394,443
"91","Essonne",9,79226,16009,992,283,756,122,4869,11433,3946,379,10292,15496,13700,551
"91","Essonne",10,61174,14032,829,265,621,101,2449,6829,3028,310,7753,11175,12783,590
"92","Hauts-de-Seine",1,62383,16029,1198,245,946,76,1081,5087,3691,267,5176,10641,17266,457
"92","Hauts-de-Seine",2,67876,11661,858,181,560,96,1316,14990,4388,323,3795,18749,10355,364
"92","Hauts-de-Seine",3,81028,14189,1224,153,651,104,1919,20907,4345,362,4771,22775,9227,348
"92","Hauts-de-Seine",4,76065,14997,1148,232,868,120,1702,11743,4616,351,5699,18044,15799,490
"92","Hauts-de-Seine",5,70269,11671,695,176,668,103,1357,17572,4035,309,4231,18001,10756,381
"92","Hauts-de-Seine",6,74221,10493,693,125,465,79,1273,29530,2681,300,4062,17645,6369,291
"92","Hauts-de-Seine",7,86563,13901,861,177,591,133,2002,26562,3913,470,5189,23749,8452,331
"92","Hauts-de-Seine",8,68737,10681,772,152,557,80,1520,18797,3909,375,3837,19423,8192,322
"92","Hauts-de-Seine",9,68013,13340,749,68,383,65,1027,23748,2601,255,2633,17616,5346,182
"92","Hauts-de-Seine",10,80592,15250,1133,161,656,107,1675,16504,5612,374,4256,23290,11119,367
"92","Hauts-de-Seine",11,69206,12867,816,272,623,88,1504,8775,5582,364,4784,17261,15421,540
"92","Hauts-de-Seine",12,92760,16698,1047,305,790,150,2726,17930,6069,517,7106,24289,14156,551
"92","Hauts-de-Seine",13,89017,14938,1495,200,695,144,2257,19408,5672,480,5192,25204,12831,409
"93","Seine-Saint-Denis",1,61738,18914,632,275,728,91,918,4327,4094,211,4065,10541,16059,501
"93","Seine-Saint-Denis",2,54054,18200,659,262,638,81,647,2680,3182,171,3927,7671,15006,502
"93","Seine-Saint-Denis",3,72227,15171,985,287,736,103,2458,9109,4208,383,7867,15867,14077,563
"93","Seine-Saint-Denis",4,60819,18299,1109,257,711,86,1049,3855,3125,213,6208,8491,16620,478
"93","Seine-Saint-Denis",5,63728,19696,899,289,741,87,1293,4757,2744,243,7009,9547,15468,499
"93","Seine-Saint-Denis",6,52564,15260,628,333,509,76,683,3706,3725,177,3806,8753,14219,360
"93","Seine-Saint-Denis",7,75987,19716,870,296,719,95,1010,4869,6428,299,4854,13631,22093,778
"93","Seine-Saint-Denis",8,60044,13455,1024,209,590,112,1977,8699,3251,326,7174,11568,11016,411
"93","Seine-Saint-Denis",9,70118,18146,860,328,705,106,1352,6608,5179,317,5705,12443,17417,547
"93","Seine-Saint-Denis",10,68564,19359,926,254,967,83,1792,7026,3730,284,6923,10976,15317,517
"93","Seine-Saint-Denis",11,62536,17945,757,252,874,89,1422,4666,2773,253,7049,9880,15543,497
"93","Seine-Saint-Denis",12,64515,16791,799,193,821,79,2000,8761,3067,283,8947,10735,11288,397
"94","Val-de-Marne",1,84583,15539,1007,223,761,121,2944,18678,4587,459,6764,19932,12682,502
"94","Val-de-Marne",2,63262,14152,969,380,785,96,1923,6635,3983,284,5763,12025,15346,508
"94","Val-de-Marne",3,72042,15848,1083,235,761,89,4319,9069,3537,348,9230,12753,13915,505
"94","Val-de-Marne",4,72443,13582,937,217,680,94,3270,12935,3476,391,8544,15991,11487,470
"94","Val-de-Marne",5,89365,19891,1089,234,731,132,2666,16760,4546,473,7305,20338,14428,441
"94","Val-de-Marne",6,81214,14441,811,196,531,118,1868,16763,5558,397,4653,22014,13133,446
"94","Val-de-Marne",7,65531,14558,847,246,585,81,2383,8944,3955,326,6045,14778,11994,466
"94","Val-de-Marne",8,76702,13713,933,258,632,106,2578,15901,4661,429,6562,18700,11473,405
"94","Val-de-Marne",9,53598,13203,721,259,571,77,1404,5401,3851,253,5105,9699,12314,410
"94","Val-de-Marne",10,64408,14254,762,266,725,89,1449,5670,4566,306,5055,12648,17655,593
"94","Val-de-Marne",11,62392,14887,766,235,541,63,1448,6058,4508,291,4852,13324,14685,480
"95","Val-d'Oise",1,81533,15210,1260,329,729,113,3500,12366,3805,548,14338,14996,13325,646
"95","Val-d'Oise",2,76435,15141,1098,309,810,116,3291,11391,3943,477,11244,15082,12661,464
"95","Val-d'Oise",3,91564,18857,1286,271,941,130,3815,13506,4608,550,12719,18833,15042,608
"95","Val-d'Oise",4,76024,16579,1009,311,690,115,3014,11976,4058,456,8667,16365,11980,487
"95","Val-d'Oise",5,68513,17954,954,354,828,83,1599,5934,3893,314,7434,11810,16515,498
"95","Val-d'Oise",6,76338,17723,862,230,742,81,2175,13267,3891,431,7657,16214,12300,451
"95","Val-d'Oise",7,69534,15703,866,221,641,90,2093,12731,3233,345,7803,12942,11072,404
"95","Val-d'Oise",8,54205,16766,719,189,753,79,906,5598,2790,180,5390,7955,12079,411
"95","Val-d'Oise",9,69895,18181,938,294,841,80,2278,7598,3232,369,11389,10846,12792,540
"95","Val-d'Oise",10,66456,15446,1067,244,727,91,2119,6764,4065,305,7517,13709,13576,531
"ZA","Guadeloupe",1,76361,47213,1365,531,278,108,425,3087,2507,161,3331,8289,6069,588
"ZA","Guadeloupe",2,86914,51579,1450,497,384,65,585,4785,2622,147,4677,9110,7625,590
"ZA","Guadeloupe",3,83768,48753,1547,450,397,83,599,4429,3059,188,4062,10075,7833,613
"ZA","Guadeloupe",4,69302,42149,1268,494,253,70,433,4004,2977,154,3089,6456,5554,509
"ZB","Martinique",1,79411,46212,2316,665,374,116,629,5092,2679,214,3372,7105,7805,903
"ZB","Martinique",2,81795,47963,2313,625,332,103,595,5342,2601,239,3460,7987,7403,823
"ZB","Martinique",3,65881,39471,1783,460,319,82,446,3563,3108,193,2215,5924,6454,710
"ZB","Martinique",4,83725,53209,1740,503,382,72,668,4403,2273,224,2902,6877,8241,781
"ZC","Guyane",1,53535,32782,2655,318,324,57,303,2585,980,166,4153,3152,4225,960
"ZC","Guyane",2,39400,28228,1176,144,156,41,169,1350,549,107,2368,1879,2408,445
"ZD","La Réunion",1,80368,30813,1249,507,851,101,1314,9114,3518,236,9864,11084,10052,509
"ZD","La Réunion",2,92748,41308,1767,754,848,140,1293,7884,2642,281,9475,8709,15034,642
"ZD","La Réunion",3,92629,36523,2154,911,1022,151,1821,7816,3314,319,14913,8184,12309,730
"ZD","La Réunion",4,104763,37701,1992,847,1019,163,1734,12218,8476,325,13691,9154,14050,793
"ZD","La Réunion",5,83034,38532,1159,809,650,100,1083,6770,2889,189,11480,7829,9474,507
"ZD","La Réunion",6,75685,32792,1122,579,570,116,1151,6418,2473,235,10847,8131,9492,498
"ZD","La Réunion",7,110254,46560,2025,783,1069,173,1727,10288,3560,354,11949,13201,15576,698
"ZM","Mayotte",1,37794,21224,422,146,215,77,439,3808,845,101,3934,3766,1431,283
"ZM","Mayotte",2,45253,25636,503,188,193,86,580,7000,589,81,5074,2598,1358,338
"ZN","Nouvelle-Calédonie",1,84944,42885,1248,335,1074,95,1301,13878,2522,350,10582,5792,4003,495
"ZN","Nouvelle-Calédonie",2,104539,55372,1721,501,1024,145,1220,13187,5603,345,14708,5297,3700,789
"ZP","Polynésie française",1,72516,42021,757,260,424,78,681,10467,894,184,9486,3974,2215,303
"ZP","Polynésie française",2,66640,42445,570,227,334,64,486,7557,585,105,7908,3844,1702,236
"ZP","Polynésie française",3,64784,40061,602,202,448,59,600,8655,724,158,7210,3301,2035,216
"ZS","Saint-Pierre-et-Miquelon",1,4966,2238,70,28,36,9,79,261,217,54,478,473,933,64
"ZW","Wallis et Futuna",1,8464,3053,35,54,50,18,79,1526,1349,29,380,1630,192,41
"ZX","Saint-Martin/Saint-Barthélemy",1,25385,17202,211,35,112,18,216,2518,247,68,1834,1572,1153,92
"ZZ","Français établis hors de France",1,199931,119288,334,141,691,122,1130,16980,5668,279,4790,36095,13646,369
"ZZ","Français établis hors de France",2,74767,50353,140,51,244,47,216,6335,1442,114,1680,9155,4673,152
"ZZ","Français établis hors de France",3,120576,61825,248,130,470,92,790,12835,4497,192,1833,29273,7807,315
"ZZ","Français établis hors de France",4,123130,54837,335,195,564,154,1220,16102,6009,331,4481,26268,11899,527
"ZZ","Français établis hors de France",5,91263,56119,250,101,255,60,671,9044,2417,171,3403,12169,6199,269
"ZZ","Français établis hors de France",6,127368,60804,429,162,782,172,1598,20242,3854,369,5318,22846,9921,559
"ZZ","Français établis hors de France",7,105776,51493,222,118,401,96,830,9595,4755,227,2192,28521,6678,404
"ZZ","Français établis hors de France",8,121400,92579,123,103,184,51,454,10402,1403,126,2065,10406,3192,184
"ZZ","Français établis hors de France",9,107607,64249,311,102,471,78,490,11088,2708,191,2028,14599,10894,234
"ZZ","Français établis hors de France",10,99748,50888,437,113,568,83,728,18361,2343,241,4731,14915,5901,202
"ZZ","Français établis hors de France",11,92547,41948,340,96,948,75,710,14845,2996,289,3405,19632,6882,199
