"CodeDpt","Dpt","Inscrits","Abstentions","Blancs","Arthaud","Asselineau","Cheminade","DupontAignan","Fillon","Hamon","Lasalle","LePen","Macron","Melenchon","Poutou"
"1","Ain",415886,81507,6342,1842,3612,595,19788,69805,16711,3465,81455,73692,51736,3098
"2","Aisne",375752,80183,5047,2763,2171,536,14651,46969,12230,2264,102770,51680,48950,3156
"3","Allier",253508,54275,4335,1540,1422,353,9795,36457,10619,2986,43004,45651,38311,2322
"4","Alpes-de-Haute-Provence",126578,24323,1808,521,932,205,4861,18442,4983,1721,24463,19960,22448,1178
"5","Hautes-Alpes",109907,20821,1541,411,783,165,4938,16645,5109,1609,18474,18948,18796,1049
"6","Alpes-Maritimes",761761,161903,9089,1729,6067,939,25175,161036,21067,5262,163141,111953,87941,3622
"7","Ardèche",249258,46618,3896,1303,1969,371,9926,33835,11757,3546,45305,42320,42622,2602
"8","Ardennes",194379,44076,2553,1378,1080,267,7810,25273,7234,1406,47578,26912,26172,1693
"9","Ariège",117409,21392,1727,556,799,140,3369,11892,7326,3304,20247,19523,24970,1180
"10","Aube",203847,38951,2745,1107,1317,289,10235,37122,6545,1159,48846,30565,22496,1387
"11","Aude",272695,52553,3867,1195,1783,348,8265,32281,13614,4642,60585,43015,46126,2507
"12","Aveyron",218276,36378,3630,1106,1304,313,8554,36664,10878,6461,28588,45584,34689,2322
"13","Bouches-du-Rhône",1372394,300146,16578,4114,9418,1740,40447,207466,47564,10040,286397,203312,231194,8006
"14","Calvados",501153,90313,6292,3099,2830,691,20079,82340,27293,2911,81770,99720,75620,5269
"15","Cantal",117425,22767,2113,692,527,198,4047,21589,4810,2840,16641,24477,14566,1179
"16","Charente",259954,54980,3736,1651,1540,450,10008,33744,12569,3085,42598,49889,40755,2724
"17","Charente-Maritime",491369,99351,6848,2576,3020,692,20333,78659,22023,5276,80764,91355,72491,4876
"18","Cher",228983,50910,4010,1630,1479,345,9554,32967,9157,1925,41753,38076,33694,2106
"19","Corrèze",185277,34299,3429,1051,1094,329,7049,25427,9263,4253,25253,39218,30357,2319
"2A","Corse-du-Sud",108781,33758,1208,218,485,117,2218,18714,2546,3948,20858,13022,10085,657
"2B","Haute-Corse",124875,40907,1666,277,480,136,2244,20739,3234,4763,22183,15506,11229,717
"21","Côte-d'Or",360658,68680,5118,1795,2457,509,14980,60625,16810,2635,64200,67436,50859,2818
"22","Côtes-d'Armor",455958,71617,6436,3028,2479,621,15958,68916,32260,3554,61703,104969,76013,5468
"23","Creuse",93113,19917,1950,684,580,174,3521,12637,5494,1352,13966,15807,14827,1209
"24","Dordogne",314020,57520,5047,1626,2128,490,11424,42510,15783,6050,52044,55945,57132,3578
"25","Doubs",368401,76199,5807,2051,3129,530,14733,59929,16318,2532,66635,63954,50803,3565
"26","Drôme",369489,73210,5470,2196,2988,533,14997,53403,17385,3868,68996,63164,58037,3174
"27","Eure",427533,82215,6024,2633,2927,602,19096,63436,16999,2602,98719,66986,58844,3933
"28","Eure-et-Loir",301466,60474,4533,1817,2253,454,14103,51275,12317,1942,58886,51038,38035,2659
"29","Finistère",690571,120636,9452,3638,3697,857,22737,99965,60781,6192,77366,164095,109607,8250
"30","Gard",537939,107277,7032,2092,4096,673,17808,72366,20473,5946,123273,79006,90905,4044
"31","Haute-Garonne",906653,170785,11410,3166,5955,1291,27833,118608,60180,14445,120225,190128,170446,7116
"32","Gers",144959,23027,2166,677,1037,188,5378,21312,9527,5059,23387,27775,23089,1254
"33","Gironde",1086982,216602,13936,3980,7013,1527,35530,145283,64300,16460,155319,222287,185888,13233
"34","Hérault",800394,159370,10051,2496,5919,894,23159,110339,36180,8461,161119,128621,143996,5660
"35","Ille-et-Vilaine",730142,116705,10011,4339,3994,1021,26822,114034,53418,4531,84648,181373,118096,7065
"36","Indre",170409,34911,3081,1390,1098,298,7177,25476,7786,1728,31985,27301,24938,1757
"37","Indre-et-Loire",428871,80171,6197,2606,2620,679,18452,72196,22898,2929,64522,83165,65931,3907
"38","Isère",856366,178004,12058,3595,6558,1140,33773,112927,43652,6537,147910,164091,135949,6382
"39","Jura",190332,36524,3168,1148,1330,285,8533,28373,7589,1994,36110,31896,30331,1980
"40","Landes",310197,55411,4844,1235,1916,372,11021,42464,21550,10485,44956,61043,49949,2875
"41","Loir-et-Cher",245321,46325,3692,1542,1516,404,11646,42756,10956,1843,48662,40639,31576,2198
"42","Loire",510809,108838,7841,2547,3483,667,22689,71848,22698,5041,94222,90677,73388,4107
"43","Haute-Loire",177158,32875,3341,1043,1050,282,8346,25956,7435,3112,32185,32821,25419,1928
"44","Loire-Atlantique",993538,162597,14639,4785,6129,1354,36546,159703,65140,6029,111194,232602,178357,9618
"45","Loiret",452607,87974,6397,2380,3109,702,21128,75655,20438,3203,83662,83506,58134,3655
"46","Lot",136322,22347,2093,723,871,226,4550,18459,7951,3073,17865,29527,26014,1528
"47","Lot-et-Garonne",240931,46805,3660,1044,1660,327,9407,34828,10639,6083,47271,39253,36018,2292
"48","Lozère",59508,9949,904,294,354,93,2197,10986,2733,1764,9097,10463,9483,683
"49","Maine-et-Loire",569425,97038,9767,3860,3439,805,25321,108888,29553,3483,77935,121685,78293,5696
"50","Manche",379104,70202,5632,2593,2048,623,17052,64909,19238,2520,61620,74683,51026,4134
"51","Marne",381696,81265,4851,2176,2441,525,16896,65081,13683,2350,82473,60958,44424,2762
"52","Haute-Marne",134148,28769,2120,926,813,198,6417,19590,4292,1126,34027,18438,15380,1233
"53","Mayenne",222325,36392,4111,1627,1182,329,10107,48772,10247,1525,30465,46938,26798,2242
"54","Meurthe-et-Moselle",495091,106495,6469,2942,3458,733,19331,62654,23632,3236,98194,83703,77400,4483
"55","Meuse",137629,27849,1944,886,856,237,6802,19287,4918,1294,34602,20713,16020,1430
"56","Morbihan",577012,96113,8518,3291,3249,901,22411,97900,34368,4820,82927,130639,82020,6309
"57","Moselle",751271,177500,11251,4929,5977,1167,32525,96003,29480,5763,158542,117738,100118,6975
"58","Nièvre",159425,35457,2550,1004,959,234,6446,20773,7854,1365,29817,27356,23079,1547
"59","Nord",1804668,417073,24060,10975,11450,2338,65245,226710,76531,8535,382030,268723,288115,13151
"60","Oise",562085,113254,8040,3677,4666,827,23936,76783,20525,3414,135188,86680,77415,4682
"61","Orne",208734,38340,3176,1513,1291,350,9644,41084,8659,1480,39532,35815,24542,2147
"62","Pas-de-Calais",1090368,234194,15351,8667,5484,1408,41427,119077,43084,5832,286147,153682,159342,9002
"63","Puy-de-Dôme",460939,93363,7773,2699,2910,755,15635,58432,25814,7348,63030,96797,78417,4730
"64","Pyrénées-Atlantiques",502378,97357,6685,1799,2782,508,14727,71858,30589,29882,54376,103958,78803,6371
"65","Hautes-Pyrénées",177690,34275,2528,767,1023,200,5876,20220,9935,6928,25947,35070,32148,1575
"66","Pyrénées-Orientales",347914,73984,4563,1477,2303,453,9741,45865,13455,4634,80169,49245,56392,3053
"67","Bas-Rhin",766539,154037,9806,4823,6841,1197,39299,131564,31931,6420,147714,133347,88420,6549
"68","Haut-Rhin",526190,110496,9197,3101,5217,1010,28562,90237,18694,5004,109704,79798,57856,4727
"69","Rhône",1155604,249073,13460,4061,9188,1446,38429,205781,60094,6703,144476,236137,175051,7146
"70","Haute-Saône",179214,34976,2820,1325,1206,267,8176,25184,6596,1512,43753,27332,22150,2021
"71","Saône-et-Loire",406418,86784,6874,2201,2535,510,18961,60100,19184,3153,75258,69212,55249,3588
"72","Sarthe",405440,73577,7302,2452,2074,547,13657,92261,17195,2141,67083,64618,56851,3565
"73","Savoie",310237,62746,4253,1219,2608,430,13673,50815,13752,3152,52448,55871,45013,2578
"74","Haute-Savoie",540033,116275,7765,1919,5021,827,24785,105057,21805,4649,77919,100174,67079,4263
"75","Paris",1301637,210200,10627,2897,8337,1472,17997,284744,109550,5490,53719,375006,210548,6799
"76","Seine-Maritime",881658,177294,14085,5356,5205,1278,33036,118336,41516,4383,170945,145756,152394,8321
"77","Seine-et-Marne",881558,183302,13069,3706,8195,1247,41505,120968,38772,5182,155521,157314,141827,6354
"78","Yvelines",951148,177485,10838,2872,8148,1358,32906,206835,52564,5371,98024,219063,126345,5448
"79","Deux-Sèvres",272385,51156,4703,1869,1478,393,11356,40195,14950,2599,38640,57826,41609,3483
"80","Somme",409014,80489,6124,3111,2272,579,15462,51834,14260,2365,97081,69520,59491,3661
"81","Tarn",291194,50507,4330,1397,1822,439,11440,41052,15530,7105,52402,51755,48094,2721
"82","Tarn-et-Garonne",183341,32623,2559,830,1337,266,7233,25992,8567,3660,39183,30319,27841,1573
"83","Var",794777,169107,9858,2274,5860,977,29177,152316,21089,6933,186376,108597,94184,4655
"84","Vaucluse",402323,80602,5606,1388,2890,543,14452,59619,13553,3989,95930,58208,60852,2804
"85","Vendée",514442,82867,8356,3294,2705,696,24211,106804,21356,3810,77590,109989,63156,5219
"86","Vienne",307014,62127,4741,2074,1896,560,11920,42703,16861,2861,47024,59146,49061,3642
"87","Haute-Vienne",266322,50623,4404,1850,1557,440,9285,32522,16136,3518,37937,55577,46549,3044
"88","Vosges",282612,56393,4720,2004,2223,455,14323,39579,10887,2750,63924,43604,36524,3229
"89","Yonne",241918,52739,3404,1380,1775,341,11668,36739,8846,1987,52640,36234,30815,2128
"90","Territoire de Belfort",95290,21638,1439,592,941,167,3770,12668,4189,669,19249,14771,13672,886
"91","Essonne",795227,157440,10240,2924,7514,1241,44793,112478,42072,4468,102461,163389,136392,5755
"92","Hauts-de-Seine",986730,176715,12689,2447,8453,1345,21359,231553,57114,4747,60731,256687,145289,5033
"93","Seine-Saint-Denis",766894,210952,10148,3235,8739,1088,16601,69063,45506,3160,73534,130103,184123,6050
"94","Val-de-Marne",785540,164068,9925,2749,7303,1066,26252,122814,47228,3957,69878,172202,149112,5226
"95","Val-d'Oise",730497,167560,10059,2752,7702,978,24790,101131,37518,3975,94158,138752,131342,5040
"ZA","Guadeloupe",316345,189694,5630,1972,1312,326,2042,16305,11165,650,15159,33930,27081,2300
"ZB","Martinique",310812,186855,8152,2253,1407,373,2338,18400,10661,870,11949,27893,29903,3217
"ZC","Guyane",92935,61010,3831,462,480,98,472,3935,1529,273,6521,5031,6633,1405
"ZD","La Réunion",639481,264229,11468,5190,6029,944,10123,60508,26872,1939,82219,66292,85987,4377
"ZM","Mayotte",83047,46860,925,334,408,163,1019,10808,1434,182,9008,6364,2789,621
"ZN","Nouvelle-Calédonie",189483,98257,2969,836,2098,240,2521,27065,8125,695,25290,11089,7703,1284
"ZP","Polynésie française",203940,124527,1929,689,1206,201,1767,26679,2203,447,24604,11119,5952,755
"ZS","Saint-Pierre-et-Miquelon",4966,2238,70,28,36,9,79,261,217,54,478,473,933,64
"ZW","Wallis et Futuna",8464,3053,35,54,50,18,79,1526,1349,29,380,1630,192,41
"ZX","Saint-Martin/Saint-Barthélemy",25385,17202,211,35,112,18,216,2518,247,68,1834,1572,1153,92
"ZZ","Français établis hors de France",1264113,704383,3169,1312,5578,1030,8837,145829,38092,2530,35926,223879,87692,3414
